{
   "$types" : {
      "Intech.Infrastructure.DbSettings, Intech.WPF, Version=1.0.0.0, Culture=neutral, PublicKeyToken=null" : "1",
      "Intech.Infrastructure.SQLiteConnectionSetting, Intech.WPF, Version=1.0.0.0, Culture=neutral, PublicKeyToken=null" : "2",
      "Intech.Infrastructure.PostgreSQLConnectionSetting, Intech.WPF, Version=1.0.0.0, Culture=neutral, PublicKeyToken=null" : "3"
   },
   "$type" : "1",
   "CurrentConnection" : "default",
   "Connections" : [
    {
      "$type": "2",
      "DataSource": "db.dat",
      "ConnectionUser": null,
      "ConnectionUserPassword": null,
      "Name": "default"
    },
    {

      "$type": "2",
      "DataSource": "init.dat",
      "ConnectionUser": null,
      "ConnectionUserPassword": null,
      "Name": "init"
    },
    {

      "$type": "3",
      "Server": "192.168.1.1",
      "Port": 2568,
      "DataBase": "asd",
      "ConnectionUser": null,
      "ConnectionUserPassword": null,
      "Name": "postgres"
    }
   ]
}