{
   "$types" : {
      "Intech.Infrastructure.SystemSettings, Intech.WPF, Version=1.0.0.0, Culture=neutral, PublicKeyToken=null" : "1",
      "Intech.Infrastructure.SQLiteConnectionSetting, Intech.WPF, Version=1.0.0.0, Culture=neutral, PublicKeyToken=null" : "2",
      "Intech.Infrastructure.PostgreSQLConnectionSetting, Intech.WPF, Version=1.0.0.0, Culture=neutral, PublicKeyToken=null" : "3"
   },
   "$type" : "1",
   "CurrentConnection" : "postgres",
   "Connections" : [
    {
      "$type": "2",
      "DataSource": "db.dat",
      "ConnectionUser": null,
      "ConnectionUserPassword": null,
      "Name": "default"
    },
    {

      "$type": "2",
      "DataSource": "init.dat",
      "ConnectionUser": null,
      "ConnectionUserPassword": null,
      "Name": "init"
    },
    {                        
      "$type": "3",
      "Server": "192.168.1.223",
      "Port": 5432,
      "DataBase": "intech",
      "ConnectionUser": "postgres",
      "ConnectionUserPassword": "wkqaEY9SOSvomoJb1fjTcg==",
      "Name": "postgres"
    }
   ]
}